<elements>
  <namespace ns="">
    <summary>To be added.</summary>
    <remarks>To be added.</remarks>
  </namespace>
  <namespace ns="MonoTouch.StoreKit">
    <summary>To be added.</summary>
    <remarks>To be added.</remarks>
  </namespace>
  <namespace ns="Xamarin.InAppPurchase.Utilities">
    <summary>To be added.</summary>
    <remarks>To be added.</remarks>
  </namespace>
  <namespace ns="Xamarin.InAppPurchase">
    <summary>To be added.</summary>
    <remarks>To be added.</remarks>
  </namespace>
</elements>